query,name,site,subtypes,category,type,latitude,longitude,range,typical_time_spent,google_id,place_id,about
ChIJZxWPppeipBIR5qNYPC13n6M,Telepizza Gran de Gràcia - Comida a Domicilio,https://www.telepizza.es/?utm_source=gmb-tpz,"Pizza restaurant, Fast food restaurant, Gluten-free restaurant, Italian restaurant, Delivery Restaurant, Pizza delivery, Pizza Takeout, Restaurant",restaurants,Pizza restaurant,41.3988388,2.1565431999999998,$,,0x12a4a297a68f1567:0xa39f772d3c58a3e6,ChIJZxWPppeipBIR5qNYPC13n6M,"{""Service options"": {""No-contact delivery"": true, ""Delivery"": true, ""Takeout"": true, ""Dine-in"": true}, ""Accessibility"": {""Wheelchair accessible entrance"": true, ""Wheelchair accessible restroom"": true, ""Wheelchair accessible seating"": true, ""Wheelchair accessible parking lot"": false}, ""Dining options"": {""Lunch"": true, ""Dinner"": true, ""Dessert"": true}, ""Amenities"": {""Restroom"": true}, ""Atmosphere"": {""Casual"": true}, ""Crowd"": {""Groups"": true}, ""Planning"": {""Accepts reservations"": true}, ""Payments"": {""Credit cards"": true, ""Debit cards"": true, ""NFC mobile payments"": true}, ""Children"": {""Good for kids"": true, ""Kids' menu"": true}}"
ChIJgXhRA5iipBIRlYIbAhFwH-c,Taberna del Cura Restaurante - Asador,https://monchos.com/es/restaurante/taberna-del-cura-11.html,"Spanish restaurant, Grill, Banquet hall, Castilian restaurant, Chicken restaurant, Brasserie, Rice restaurant, Tapas bar",restaurants,Spanish restaurant,41.4005055,2.1545392,$$,People typically spend 1-2.5 hours here,0x12a4a29803517881:0xe71f7011021b8295,ChIJgXhRA5iipBIRlYIbAhFwH-c,"{""Service options"": {""Curbside pickup"": true, ""No-contact delivery"": true, ""Delivery"": true, ""Takeout"": true, ""Dine-in"": true}, ""Accessibility"": {""Wheelchair accessible entrance"": true, ""Wheelchair accessible restroom"": true, ""Wheelchair accessible seating"": true, ""Wheelchair accessible parking lot"": false}, ""Offerings"": {""Alcohol"": true, ""Beer"": true, ""Cocktails"": true, ""Coffee"": true, ""Hard liquor"": true, ""Healthy options"": true, ""Late-night food"": true, ""Private dining room"": true, ""Salad bar"": true, ""Small plates"": true, ""Wine"": true}, ""Dining options"": {""Brunch"": true, ""Lunch"": true, ""Dinner"": true, ""Catering"": true, ""Counter service"": true, ""Dessert"": true, ""Seating"": true}, ""Amenities"": {""Bar onsite"": true, ""Restroom"": true, ""Wi-Fi"": true}, ""Atmosphere"": {""Casual"": true, ""Cozy"": true}, ""Crowd"": {""Family-friendly"": true, ""Groups"": true}, ""Planning"": {""Accepts reservations"": true}, ""Payments"": {""Credit cards"": true, ""Debit cards"": true, ""NFC mobile payments"": true}, ""Children"": {""Good for kids"": true, ""High chairs"": true}, ""Parking"": {""Paid parking lot"": true, ""Parking"": true}}"
ChIJhxljRNeipBIRkf_-Svr0MG0,Kailash Tibetan Restaurant,,"Tibetan restaurant, Asian fusion restaurant, Asian restaurant, Family restaurant, Indian restaurant, Delivery Restaurant, Takeout Restaurant, Nepalese restaurant",restaurants,Tibetan restaurant,41.3982734,2.162232,$,People typically spend 1.5-2 hours here,0x12a4a2d744631987:0x6d30f4fa4afeff91,ChIJhxljRNeipBIRkf_-Svr0MG0,"{""From the business"": {""Identifies as women-owned"": true}, ""Service options"": {""No-contact delivery"": true, ""Delivery"": true, ""Takeout"": true, ""Dine-in"": true}, ""Accessibility"": {""Wheelchair accessible restroom"": true, ""Wheelchair accessible entrance"": false, ""Wheelchair accessible parking lot"": false}, ""Offerings"": {""Alcohol"": true, ""Beer"": true, ""Coffee"": true, ""Halal food"": true, ""Hard liquor"": true, ""Healthy options"": true, ""Vegan options"": true, ""Vegetarian options"": true, ""Wine"": true}, ""Dining options"": {""Lunch"": true, ""Dinner"": true, ""Catering"": true, ""Dessert"": true, ""Seating"": true}, ""Amenities"": {""Restroom"": true, ""Wi-Fi"": true}, ""Atmosphere"": {""Casual"": true, ""Cozy"": true}, ""Crowd"": {""Groups"": true}, ""Planning"": {""Accepts reservations"": true}, ""Payments"": {""Checks"": true, ""Credit cards"": true, ""Debit cards"": true, ""NFC mobile payments"": true}, ""Children"": {""Good for kids"": true, ""High chairs"": true, ""Kids' menu"": true}, ""Pets"": {""Dogs allowed"": true}, ""Other"": {""Identifies as women-owned"": true}}"
ChIJS7WPkriipBIRFNzFKvmNAi8,Ametller Origen,https://www.ametllerorigen.com/ca/?utm_campaign=gmb-listing,"Convenience store, Bakery, Box lunch supplier, Dry fruit store, Fruit and vegetable store, Takeout Restaurant, Natural goods store, Organic food store, Supermarket, Wine store",Tienda de alimentación,Convenience store,41.407765,2.1634349999999998,,People typically spend 20 min here,0x12a4a2b8928fb54b:0x2f028df92ac5dc14,ChIJS7WPkriipBIRFNzFKvmNAi8,"{""Service options"": {""Curbside pickup"": true, ""Delivery"": true, ""In-store pickup"": true, ""In-store shopping"": true, ""Same-day delivery"": true}, ""Accessibility"": {""Wheelchair accessible entrance"": true, ""Wheelchair accessible parking lot"": false}, ""Offerings"": {""Prepared foods"": true}, ""Amenities"": {""Wi-Fi"": true}, ""Payments"": {""Credit cards"": true, ""Debit cards"": true}}"
ChIJqxz_If6ipBIR_9ch1tSjMqI,Restaurant Salero,https://www.restaurantesalero.com/,"Restaurant, Bar & grill",restaurants,Restaurant,41.4006214,2.1602859999999997,$$,People typically spend 1.5-2.5 hours here,0x12a4a2fe21ff1cab:0xa232a3d4d621d7ff,ChIJqxz_If6ipBIR_9ch1tSjMqI,"{""Emergency help"": {""Employs displaced individuals"": true}, ""Service options"": {""Delivery"": true, ""Takeout"": true, ""Dine-in"": true}, ""Highlights"": {""Great cocktails"": true}, ""Accessibility"": {""Wheelchair accessible entrance"": true, ""Wheelchair accessible seating"": true, ""Wheelchair accessible parking lot"": false}, ""Offerings"": {""Alcohol"": true, ""Beer"": true, ""Cocktails"": true, ""Coffee"": true, ""Hard liquor"": true, ""Healthy options"": true, ""Organic dishes"": true, ""Salad bar"": true, ""Small plates"": true, ""Vegan options"": true, ""Vegetarian options"": true, ""Wine"": true}, ""Dining options"": {""Breakfast"": true, ""Brunch"": true, ""Lunch"": true, ""Dinner"": true, ""Counter service"": true, ""Dessert"": true, ""Seating"": true}, ""Amenities"": {""Bar onsite"": true, ""Restroom"": true}, ""Atmosphere"": {""Casual"": true, ""Cozy"": true, ""Romantic"": true}, ""Crowd"": {""Family-friendly"": true, ""Groups"": true, ""LGBTQ+ friendly"": true, ""Transgender safespace"": true}, ""Planning"": {""Accepts reservations"": true}, ""Payments"": {""Credit cards"": true, ""Debit cards"": true, ""NFC mobile payments"": true}, ""Children"": {""Good for kids"": true, ""High chairs"": true, ""Kids' menu"": true}, ""Parking"": {""Parking"": true}, ""Pets"": {""Dogs allowed"": true, ""Dogs allowed inside"": true, ""Dogs allowed outside"": true}, ""Other"": {""LGBTQ+ friendly"": true}}"
ChIJjZuIUbyipBIRsUcC8RBuQqQ,Tortilleria La Antigua de México,http://www.laantiguademexico.com/,"Tortilla shop, Catering food and drink supplier, Delivery service, Feed manufacturer, Mexican goods store, Mexican grocery store, Mexican restaurant",Tortilleria,Tortilla shop,41.403864299999995,2.1583988,,People typically spend 20-45 min here,0x12a4a2bc51889b8d:0xa4426e10f10247b1,ChIJjZuIUbyipBIRsUcC8RBuQqQ,"{""Service options"": {""Delivery"": true, ""In-store pickup"": true, ""In-store shopping"": true, ""Same-day delivery"": true}, ""Accessibility"": {""Wheelchair accessible entrance"": true, ""Wheelchair accessible parking lot"": false}, ""Amenities"": {""Wi-Fi"": true}, ""Payments"": {""Credit cards"": true, ""Debit cards"": true, ""NFC mobile payments"": true}}"
ChIJXfNnS6OipBIRJ8TxY1JBl4I,.IT - Italian Tradition,https://m.facebook.com/puntoitsocial/?locale2=es_ES,"Italian restaurant, Pizza restaurant",restaurants,Italian restaurant,41.405155199999996,2.1547692,₱,People typically spend 1-2 hours here,0x12a4a2a34b67f35d:0x8297415263f1c427,ChIJXfNnS6OipBIRJ8TxY1JBl4I,"{""Service options"": {""Outdoor seating"": true, ""Delivery"": true, ""Takeout"": true, ""Dine-in"": true}, ""Accessibility"": {""Wheelchair accessible seating"": true, ""Wheelchair accessible entrance"": false, ""Wheelchair accessible parking lot"": false}, ""Offerings"": {""Alcohol"": true, ""Beer"": true, ""Cocktails"": true, ""Coffee"": true, ""Hard liquor"": true, ""Vegetarian options"": true, ""Wine"": true}, ""Dining options"": {""Breakfast"": true, ""Brunch"": true, ""Lunch"": true, ""Dinner"": true, ""Dessert"": true, ""Seating"": true}, ""Amenities"": {""Bar onsite"": true, ""Restroom"": true, ""Wi-Fi"": true}, ""Atmosphere"": {""Casual"": true, ""Cozy"": true}, ""Crowd"": {""Family-friendly"": true, ""Groups"": true}, ""Planning"": {""Accepts reservations"": true}, ""Payments"": {""Credit cards"": true, ""Debit cards"": true, ""NFC mobile payments"": true}, ""Children"": {""Good for kids"": true}}"
ChIJq7fFcb2ipBIR1ROcxJNdHBY,Restaurant Envalira,https://www.facebook.com/Envalira-Restaurant-237549753771595/,"Mediterranean restaurant, Seafood restaurant",restaurants,Mediterranean restaurant,41.4019444,2.1566666999999997,₱₱,People typically spend 2 hours here,0x12a4a2bd71c5b7ab:0x161c5d93c49c13d5,ChIJq7fFcb2ipBIR1ROcxJNdHBY,"{""Service options"": {""Takeout"": true, ""Dine-in"": true}, ""Accessibility"": {""Wheelchair accessible entrance"": true, ""Wheelchair accessible seating"": true, ""Wheelchair accessible parking lot"": false}, ""Offerings"": {""Alcohol"": true, ""Beer"": true, ""Coffee"": true, ""Hard liquor"": true, ""Healthy options"": true, ""Small plates"": true, ""Wine"": true}, ""Dining options"": {""Brunch"": true, ""Lunch"": true, ""Dinner"": true, ""Dessert"": true}, ""Amenities"": {""Bar onsite"": true, ""Restroom"": true, ""Wi-Fi"": true}, ""Atmosphere"": {""Casual"": true, ""Cozy"": true}, ""Crowd"": {""Family-friendly"": true, ""Groups"": true, ""LGBTQ+ friendly"": true, ""Transgender safespace"": true}, ""Planning"": {""Accepts reservations"": true}, ""Payments"": {""Checks"": true, ""Credit cards"": true, ""Debit cards"": true}, ""Children"": {""Good for kids"": true}, ""Parking"": {""Paid street parking"": true}, ""Pets"": {""Dogs allowed"": true}, ""Other"": {""LGBTQ+ friendly"": true}}"
ChIJQyVoNJSipBIRWOkhd81fXYg,Swagatam Restaurant,https://swagatamrestaurant.com/,"Indian restaurant, Ramen restaurant",restaurants,Indian restaurant,41.3982823,2.1607472999999997,₱,People typically spend 1-1.5 hours here,0x12a4a29434682543:0x885d5fcd7721e958,ChIJQyVoNJSipBIRWOkhd81fXYg,"{""Service options"": {""Delivery"": true, ""Takeout"": true, ""Dine-in"": true}, ""Accessibility"": {""Wheelchair accessible parking lot"": false}, ""Offerings"": {""Alcohol"": true, ""Beer"": true, ""Coffee"": true, ""Halal food"": true, ""Hard liquor"": true, ""Healthy options"": true, ""Small plates"": true, ""Vegan options"": true, ""Vegetarian options"": true, ""Wine"": true}, ""Dining options"": {""Breakfast"": true, ""Lunch"": true, ""Dinner"": true, ""Dessert"": true, ""Seating"": true}, ""Amenities"": {""Bar onsite"": true, ""Restroom"": true}, ""Atmosphere"": {""Casual"": true, ""Cozy"": true}, ""Crowd"": {""Family-friendly"": true, ""Groups"": true}, ""Planning"": {""Accepts reservations"": true}, ""Payments"": {""Credit cards"": true, ""Debit cards"": true}, ""Children"": {""Good for kids"": true}}"
ChIJHYTzlr6ipBIRah1lmVf2mtA,"Restaurante ""La Taina""",,"Restaurant, Catalonian restaurant",restaurants,Restaurant,41.4045719,2.1606636999999997,,,0x12a4a2be96f3841d:0xd09af65799651d6a,ChIJHYTzlr6ipBIRah1lmVf2mtA,"{""Service options"": {""Dine-in"": true}, ""Offerings"": {""Alcohol"": true, ""Wine"": true}}"
ChIJGVCPl72ipBIRSeI5JEDIt7U,Restaurant La Llar de Foc,https://www.lallardefoc.com/,"Meat dish restaurant, Catalonian restaurant",restaurants,Meat dish restaurant,41.4022182,2.1578597999999998,$$,People typically spend 1.5-2.5 hours here,0x12a4a2bd978f5019:0xb5b7c8402439e249,ChIJGVCPl72ipBIRSeI5JEDIt7U,"{""Service options"": {""Dine-in"": true, ""Delivery"": false}, ""Accessibility"": {""Wheelchair accessible entrance"": false, ""Wheelchair accessible parking lot"": false, ""Wheelchair accessible restroom"": false, ""Wheelchair accessible seating"": false}, ""Offerings"": {""Alcohol"": true, ""Beer"": true, ""Cocktails"": true, ""Coffee"": true, ""Hard liquor"": true, ""Organic dishes"": true, ""Private dining room"": true, ""Salad bar"": true, ""Small plates"": true, ""Vegetarian options"": true, ""Wine"": true}, ""Dining options"": {""Lunch"": true, ""Dinner"": true, ""Dessert"": true, ""Seating"": true}, ""Amenities"": {""Restroom"": true, ""Wi-Fi"": true}, ""Atmosphere"": {""Casual"": true, ""Cozy"": true}, ""Crowd"": {""Family-friendly"": true, ""Groups"": true, ""LGBTQ+ friendly"": true, ""Transgender safespace"": true}, ""Planning"": {""Accepts reservations"": true}, ""Payments"": {""Credit cards"": true, ""Debit cards"": true, ""NFC mobile payments"": true}, ""Children"": {""Good for kids"": true, ""High chairs"": true}, ""Other"": {""LGBTQ+ friendly"": true}}"
ChIJY1Z0yr-ipBIRkH_II3aRJlo,Restaurant Cal Boter,https://www.restaurantcalboter.com/,"Catalonian restaurant, Mediterranean restaurant, Traditional restaurant",Restaurant de cuina catalana,Catalonian restaurant,41.4021694,2.1624917,$$,People typically spend 1-2.5 hours here,0x12a4a2bfca745663:0x5a26917623c87f90,ChIJY1Z0yr-ipBIRkH_II3aRJlo,"{""Service options"": {""Takeout"": true, ""Dine-in"": true, ""Delivery"": false}, ""Accessibility"": {""Wheelchair accessible entrance"": true, ""Wheelchair accessible seating"": true, ""Wheelchair accessible parking lot"": false}, ""Offerings"": {""Alcohol"": true, ""Beer"": true, ""Coffee"": true, ""Hard liquor"": true, ""Healthy options"": true, ""Small plates"": true, ""Wine"": true}, ""Dining options"": {""Breakfast"": true, ""Brunch"": true, ""Lunch"": true, ""Dinner"": true, ""Dessert"": true, ""Seating"": true}, ""Amenities"": {""Bar onsite"": true, ""Restroom"": true}, ""Atmosphere"": {""Casual"": true, ""Cozy"": true}, ""Crowd"": {""Groups"": true}, ""Planning"": {""Accepts reservations"": true}, ""Payments"": {""Credit cards"": true, ""Debit cards"": true, ""NFC mobile payments"": true}, ""Children"": {""Good for kids"": true, ""High chairs"": true}}"
ChIJa0hfV6CipBIR3LtY5k3V_uQ,Creperia Krampus sin gluten,http://www.krampuscrepes.com/,"Creperie, Gluten-free restaurant",restaurants,Creperie,41.4035289,2.1468857999999997,$$,People typically spend 1-2.5 hours here,0x12a4a2a0575f486b:0xe4fed54de658bbdc,ChIJa0hfV6CipBIR3LtY5k3V_uQ,"{""Service options"": {""Outdoor seating"": true, ""Curbside pickup"": true, ""No-contact delivery"": true, ""Delivery"": true, ""In-store pickup"": true, ""In-store shopping"": true, ""Takeout"": true, ""Dine-in"": true, ""Same-day delivery"": true}, ""Accessibility"": {""Wheelchair accessible entrance"": true, ""Wheelchair accessible seating"": true, ""Wheelchair accessible parking lot"": false, ""Wheelchair accessible restroom"": false}, ""Offerings"": {""Alcohol"": true, ""Beer"": true, ""Cocktails"": true, ""Coffee"": true, ""Healthy options"": true, ""Small plates"": true, ""Vegan options"": true, ""Vegetarian options"": true, ""Wine"": true}, ""Dining options"": {""Brunch"": true, ""Lunch"": true, ""Dinner"": true, ""Dessert"": true, ""Seating"": true}, ""Amenities"": {""Restroom"": true, ""Wi-Fi"": true}, ""Atmosphere"": {""Casual"": true, ""Cozy"": true, ""Romantic"": true}, ""Crowd"": {""Family-friendly"": true, ""Groups"": true, ""LGBTQ+ friendly"": true, ""Transgender safespace"": true}, ""Planning"": {""Accepts reservations"": true}, ""Payments"": {""Credit cards"": true, ""Debit cards"": true, ""NFC mobile payments"": true}, ""Children"": {""Good for kids"": true, ""Kids' menu"": true}, ""Pets"": {""Dogs allowed"": true, ""Dogs allowed outside"": true}, ""Other"": {""LGBTQ+ friendly"": true}}"
ChIJw_VpEb2ipBIRjwa77Zdm8ww,La Caleta de Gràcia,https://www.lacaletadegracia.com/,"Tapas restaurant, Bar & grill, Mediterranean restaurant, Restaurant",restaurants,Tapas restaurant,41.4027069,2.1564815999999998,₱,People typically spend 1-2 hours here,0x12a4a2bd1169f5c3:0xcf36697edbb068f,ChIJw_VpEb2ipBIRjwa77Zdm8ww,"{""Service options"": {""Takeout"": true, ""Dine-in"": true, ""Delivery"": false}, ""Accessibility"": {""Wheelchair accessible seating"": true, ""Wheelchair accessible entrance"": false, ""Wheelchair accessible parking lot"": false}, ""Offerings"": {""Alcohol"": true, ""Beer"": true, ""Coffee"": true, ""Hard liquor"": true, ""Healthy options"": true, ""Small plates"": true, ""Wine"": true}, ""Dining options"": {""Brunch"": true, ""Lunch"": true, ""Dinner"": true, ""Dessert"": true}, ""Amenities"": {""Bar onsite"": true, ""Restroom"": true}, ""Atmosphere"": {""Casual"": true, ""Cozy"": true}, ""Crowd"": {""Groups"": true}, ""Planning"": {""Accepts reservations"": true}, ""Payments"": {""Credit cards"": true, ""Debit cards"": true, ""NFC mobile payments"": true}, ""Children"": {""Good for kids"": true}, ""Parking"": {""Paid parking lot"": true, ""Parking"": true}}"
ChIJyY9KAb2ipBIRBwSIvkGaURY,Restaurante La Ceba,https://www.truiterialaceba.com/,"Catalonian restaurant, Spanish restaurant",Restaurante de cocina catalana,Catalonian restaurant,41.4033002,2.1570652999999997,₱,People typically spend 1-2 hours here,0x12a4a2bd014a8fc9:0x16519a41be880407,ChIJyY9KAb2ipBIRBwSIvkGaURY,"{""Service options"": {""Delivery"": true, ""Takeout"": true, ""Dine-in"": true}, ""Accessibility"": {""Wheelchair accessible parking lot"": false}, ""Offerings"": {""Alcohol"": true, ""Beer"": true, ""Coffee"": true, ""Hard liquor"": true, ""Healthy options"": true, ""Small plates"": true, ""Wine"": true}, ""Dining options"": {""Brunch"": true, ""Lunch"": true, ""Dinner"": true, ""Catering"": true, ""Dessert"": true}, ""Amenities"": {""Bar onsite"": true, ""Restroom"": true}, ""Atmosphere"": {""Casual"": true, ""Cozy"": true}, ""Crowd"": {""Groups"": true}, ""Planning"": {""Accepts reservations"": true}, ""Payments"": {""Credit cards"": true, ""Debit cards"": true, ""NFC mobile payments"": true}, ""Children"": {""Good for kids"": true}}"
ChIJi0clTZ-ipBIR699v3Kc7oCo,Memorias De China,,"Chinese restaurant, Restaurant",restaurants,Chinese restaurant,41.400446699999996,2.1499482,₱₱₱,People typically spend 1.5-3 hours here,0x12a4a29f4d25478b:0x2aa03ba7dc6fdfeb,ChIJi0clTZ-ipBIR699v3Kc7oCo,"{""Service options"": {""Delivery"": true, ""Takeout"": true, ""Dine-in"": true}, ""Accessibility"": {""Wheelchair accessible entrance"": true, ""Wheelchair accessible restroom"": true, ""Wheelchair accessible seating"": true, ""Wheelchair accessible parking lot"": false}, ""Offerings"": {""Alcohol"": true, ""Beer"": true, ""Cocktails"": true, ""Coffee"": true, ""Hard liquor"": true, ""Healthy options"": true, ""Vegetarian options"": true, ""Wine"": true}, ""Dining options"": {""Lunch"": true, ""Dinner"": true, ""Dessert"": true, ""Seating"": true}, ""Amenities"": {""Restroom"": true, ""Wi-Fi"": true}, ""Atmosphere"": {""Casual"": true, ""Cozy"": true, ""Romantic"": true}, ""Crowd"": {""Groups"": true, ""Transgender safespace"": true}, ""Planning"": {""Accepts reservations"": true}, ""Payments"": {""Credit cards"": true, ""Debit cards"": true, ""NFC mobile payments"": true}, ""Children"": {""Good for kids"": true, ""High chairs"": true}, ""Parking"": {""Paid parking lot"": true}}"
ChIJcRNmG5aipBIRvjtddo3D5pk,La Vietnamita,http://www.lavietnamita.com/,"Vietnamese restaurant, Asian restaurant, Food court, Vegan restaurant",restaurants,Vietnamese restaurant,41.40076,2.1590857,₱₱,People typically spend 1-2 hours here,0x12a4a2961b661371:0x99e6c38d765d3bbe,ChIJcRNmG5aipBIRvjtddo3D5pk,"{""From the business"": {""Identifies as women-owned"": true}, ""Service options"": {""Outdoor seating"": true, ""Curbside pickup"": true, ""Delivery"": true, ""Takeout"": true, ""Dine-in"": true}, ""Accessibility"": {""Wheelchair accessible entrance"": false, ""Wheelchair accessible parking lot"": false, ""Wheelchair accessible seating"": false}, ""Offerings"": {""Alcohol"": true, ""Beer"": true, ""Cocktails"": true, ""Coffee"": true, ""Healthy options"": true, ""Small plates"": true, ""Vegan options"": true, ""Vegetarian options"": true, ""Wine"": true}, ""Dining options"": {""Brunch"": true, ""Lunch"": true, ""Dinner"": true, ""Dessert"": true, ""Seating"": true}, ""Amenities"": {""Bar onsite"": true, ""Restroom"": true}, ""Atmosphere"": {""Casual"": true, ""Cozy"": true}, ""Crowd"": {""Family-friendly"": true, ""LGBTQ+ friendly"": true, ""Transgender safespace"": true}, ""Planning"": {""Accepts reservations"": true}, ""Payments"": {""Credit cards"": true, ""Debit cards"": true, ""NFC mobile payments"": true}, ""Children"": {""Good for kids"": true, ""High chairs"": true}, ""Parking"": {""Parking"": true}, ""Other"": {""LGBTQ+ friendly"": true, ""Identifies as women-owned"": true}}"
ChIJ0bBObbmipBIRpg0oNf57Fm8,Singlot,http://ca-es.facebook.com/pages/El-Singlot/380235028708795,Restaurant,restaurants,Restaurant,41.4077372,2.1613058,₱,People typically spend 45 min to 2 hr here,0x12a4a2b96d4eb0d1:0x6f167bfe35280da6,ChIJ0bBObbmipBIRpg0oNf57Fm8,"{""Service options"": {""Outdoor seating"": true, ""Takeout"": true, ""Dine-in"": true}, ""Accessibility"": {""Wheelchair accessible entrance"": true, ""Wheelchair accessible seating"": true, ""Wheelchair accessible parking lot"": false}, ""Offerings"": {""Alcohol"": true, ""Beer"": true, ""Coffee"": true, ""Hard liquor"": true, ""Small plates"": true, ""Wine"": true}, ""Dining options"": {""Breakfast"": true, ""Brunch"": true, ""Lunch"": true, ""Dinner"": true, ""Dessert"": true, ""Seating"": true}, ""Amenities"": {""Bar onsite"": true, ""Restroom"": true}, ""Atmosphere"": {""Casual"": true}, ""Crowd"": {""Groups"": true}, ""Planning"": {""Accepts reservations"": true}, ""Payments"": {""Credit cards"": true, ""Debit cards"": true, ""NFC mobile payments"": true}, ""Children"": {""Good for kids"": true}}"
ChIJO3gV27yipBIRYxDqqUt9DQs,The Quick Greek Gràcia,,Greek restaurant,restaurants,Greek restaurant,41.4042357,2.1555318,,,0x12a4a2bcdb15783b:0xb0d7d4ba9ea1063,ChIJO3gV27yipBIRYxDqqUt9DQs,"{""From the business"": {""Identifies as women-owned"": true}, ""Service options"": {""No-contact delivery"": true, ""Delivery"": true, ""Takeout"": true, ""Dine-in"": true}, ""Accessibility"": {""Wheelchair accessible entrance"": true, ""Wheelchair accessible parking lot"": false}, ""Offerings"": {""Small plates"": true}, ""Dining options"": {""Breakfast"": true, ""Lunch"": true, ""Dinner"": true, ""Dessert"": true}, ""Atmosphere"": {""Casual"": true, ""Cozy"": true}, ""Payments"": {""Credit cards"": true, ""Debit cards"": true, ""NFC mobile payments"": true}, ""Children"": {""Good for kids"": true}, ""Other"": {""Identifies as women-owned"": true}}"
ChIJ7yj5HryipBIR17Kxb2qyrD0,Taverna El Glop,http://www.elglop.com/,"Mediterranean restaurant, Bistro, Catalonian restaurant, Restaurant, Spanish restaurant, Tavern, Traditional restaurant",restaurants,Mediterranean restaurant,41.4048873,2.1595443999999997,₱₱,People typically spend 1.5-2.5 hours here,0x12a4a2bc1ef928ef:0x3dacb26a6fb1b2d7,ChIJ7yj5HryipBIR17Kxb2qyrD0,"{""Service options"": {""Takeout"": true, ""Dine-in"": true}, ""Highlights"": {""Fast service"": true}, ""Accessibility"": {""Wheelchair accessible seating"": true, ""Wheelchair accessible entrance"": false, ""Wheelchair accessible parking lot"": false}, ""Offerings"": {""Alcohol"": true, ""Beer"": true, ""Coffee"": true, ""Hard liquor"": true, ""Healthy options"": true, ""Late-night food"": true, ""Organic dishes"": true, ""Salad bar"": true, ""Small plates"": true, ""Wine"": true}, ""Dining options"": {""Brunch"": true, ""Lunch"": true, ""Dinner"": true, ""Dessert"": true, ""Seating"": true}, ""Amenities"": {""Bar onsite"": true, ""Restroom"": true, ""Wi-Fi"": true}, ""Atmosphere"": {""Casual"": true, ""Cozy"": true}, ""Crowd"": {""Groups"": true}, ""Planning"": {""Reservations required"": true, ""Accepts reservations"": true}, ""Payments"": {""Credit cards"": true, ""Debit cards"": true, ""NFC mobile payments"": true}, ""Children"": {""Good for kids"": true, ""High chairs"": true, ""Kids' menu"": true}, ""Parking"": {""Paid parking lot"": true, ""Paid street parking"": true, ""Parking"": true}}"
ChIJ_8oswLyipBIRl95Og3bYHog,L'Ós Panda,,"Pan-Asian restaurant, Chinese restaurant, Delivery Restaurant, Vietnamese restaurant",restaurants,Pan-Asian restaurant,41.404683,2.1560346,$,People typically spend 1-1.5 hours here,0x12a4a2bcc02ccaff:0x881ed876834ede97,ChIJ_8oswLyipBIRl95Og3bYHog,"{""Service options"": {""Delivery"": true, ""Takeout"": true, ""Dine-in"": true}, ""Accessibility"": {""Wheelchair accessible parking lot"": false}, ""Offerings"": {""Alcohol"": true, ""Beer"": true, ""Healthy options"": true, ""Salad bar"": true, ""Vegan options"": true, ""Vegetarian options"": true, ""Wine"": true}, ""Dining options"": {""Lunch"": true, ""Dinner"": true, ""Dessert"": true}, ""Amenities"": {""Restroom"": true}, ""Atmosphere"": {""Casual"": true, ""Cozy"": true}, ""Crowd"": {""Family-friendly"": true}, ""Planning"": {""Accepts reservations"": true}, ""Payments"": {""Credit cards"": true, ""Debit cards"": true, ""NFC mobile payments"": true}, ""Children"": {""Good for kids"": true}}"
ChIJUych0ZWipBIRYdSbrR8MEW8,Con Gracia,https://www.congraciarestaurant.com/,"Catalonian restaurant, Mediterranean restaurant, Modern European restaurant, Spanish restaurant",Restaurant de cuina catalana,Catalonian restaurant,41.3990681,2.1600541,$$$,,0x12a4a295d1212753:0x6f110c1fad9bd461,ChIJUych0ZWipBIRYdSbrR8MEW8,"{""Service options"": {""Dine-in"": true, ""Delivery"": false, ""Takeout"": false}, ""Accessibility"": {""Wheelchair accessible restroom"": true, ""Wheelchair accessible parking lot"": false}, ""Offerings"": {""Alcohol"": true, ""Beer"": true, ""Cocktails"": true, ""Coffee"": true, ""Hard liquor"": true, ""Healthy options"": true, ""Vegetarian options"": true, ""Wine"": true}, ""Dining options"": {""Lunch"": true, ""Dinner"": true, ""Dessert"": true}, ""Amenities"": {""Restroom"": true}, ""Atmosphere"": {""Cozy"": true, ""Romantic"": true, ""Upscale"": true}, ""Planning"": {""Reservations required"": true, ""Accepts reservations"": true}, ""Payments"": {""Credit cards"": true, ""Debit cards"": true, ""NFC mobile payments"": true}}"
ChIJ7VjHtr6ipBIROlgEouMMR5w,"Khan Kaffrun, Lebanese restaurant",https://www.google.ae/amp/s/restaurantguru.com/amp/Khan-Kaffrun-Barcelona-2,Lebanese restaurant,restaurants,Lebanese restaurant,41.405731499999995,2.1606193,$,,0x12a4a2beb6c758ed:0x9c470ce3a204583a,ChIJ7VjHtr6ipBIROlgEouMMR5w,"{""Service options"": {""Curbside pickup"": true, ""Takeout"": true, ""Dine-in"": true}, ""Accessibility"": {""Wheelchair accessible parking lot"": false}, ""Offerings"": {""Alcohol"": true, ""Beer"": true, ""Coffee"": true, ""Halal food"": true, ""Hard liquor"": true, ""Healthy options"": true, ""Late-night food"": true, ""Small plates"": true, ""Wine"": true}, ""Dining options"": {""Breakfast"": true, ""Brunch"": true, ""Lunch"": true, ""Dinner"": true, ""Catering"": true, ""Dessert"": true, ""Seating"": true}, ""Amenities"": {""Bar onsite"": true, ""Restroom"": true, ""Wi-Fi"": true}, ""Atmosphere"": {""Casual"": true, ""Cozy"": true}, ""Crowd"": {""Family-friendly"": true, ""Groups"": true}, ""Planning"": {""Accepts reservations"": true}, ""Payments"": {""Credit cards"": true}, ""Children"": {""Good for kids"": true}}"
ChIJs7ePHbyipBIRNr4ZjmNBjV8,Les Tres a la Cuina,http://lestresalacuina.com/lestres/,Takeout Restaurant,restaurants,Takeout Restaurant,41.4052112,2.1598262999999998,$,,0x12a4a2bc1d8fb7b3:0x5f8d41638e19be36,ChIJs7ePHbyipBIRNr4ZjmNBjV8,"{""From the business"": {""Identifies as women-owned"": true}, ""Service options"": {""Delivery"": true, ""Takeout"": true}, ""Accessibility"": {""Wheelchair accessible parking lot"": false}, ""Offerings"": {""Healthy options"": true, ""Salad bar"": true, ""Vegan options"": true, ""Vegetarian options"": true}, ""Dining options"": {""Lunch"": true, ""Catering"": true, ""Dessert"": true}, ""Amenities"": {""Wi-Fi"": true, ""Restroom"": false}, ""Atmosphere"": {""Casual"": true, ""Cozy"": true}, ""Crowd"": {""Family-friendly"": true, ""LGBTQ+ friendly"": true, ""Transgender safespace"": true}, ""Payments"": {""Credit cards"": true, ""Debit cards"": true, ""NFC mobile payments"": true}, ""Pets"": {""Dogs allowed"": true, ""Dogs allowed inside"": true}, ""Other"": {""LGBTQ+ friendly"": true, ""Identifies as women-owned"": true}}"
ChIJW3X2gL6ipBIRKMhN7d0NtJI,L'Arrosseria Xàtiva,https://grupxativa.com/reservar-mesa/,"Rice restaurant, Mediterranean restaurant, Spanish restaurant",Restaurant especialitzat en arròs,Rice restaurant,41.40389,2.1596759,$$,People typically spend 1.5-2 hours here,0x12a4a2be80f6755b:0x92b40ddded4dc828,ChIJW3X2gL6ipBIRKMhN7d0NtJI,"{""Service options"": {""Takeout"": true, ""Dine-in"": true}, ""Accessibility"": {""Wheelchair accessible entrance"": false, ""Wheelchair accessible parking lot"": false, ""Wheelchair accessible restroom"": false, ""Wheelchair accessible seating"": false}, ""Offerings"": {""Alcohol"": true, ""Beer"": true, ""Coffee"": true, ""Hard liquor"": true, ""Healthy options"": true, ""Organic dishes"": true, ""Salad bar"": true, ""Small plates"": true, ""Wine"": true}, ""Dining options"": {""Lunch"": true, ""Dinner"": true, ""Catering"": true, ""Dessert"": true}, ""Amenities"": {""Restroom"": true, ""Wi-Fi"": true}, ""Atmosphere"": {""Casual"": true, ""Cozy"": true}, ""Crowd"": {""Family-friendly"": true, ""Groups"": true}, ""Planning"": {""Accepts reservations"": true}, ""Payments"": {""Credit cards"": true, ""Debit cards"": true, ""NFC mobile payments"": true}, ""Children"": {""Good for kids"": true, ""Kids' menu"": true}, ""Parking"": {""Parking"": true}}"
ChIJfYU2UqCipBIRsHbrKjKNIgk,El Petit Bangkok,http://www.petitbangkok.com/,Thai restaurant,restaurants,Thai restaurant,41.403824199999995,2.1480308999999997,₱,People typically spend 45 min to 1.5 hr here,0x12a4a2a05236857d:0x9228d322aeb76b0,ChIJfYU2UqCipBIRsHbrKjKNIgk,"{""Service options"": {""Delivery"": true, ""Takeout"": true, ""Dine-in"": true}, ""Highlights"": {""Fast service"": true}, ""Accessibility"": {""Wheelchair accessible parking lot"": false}, ""Offerings"": {""Alcohol"": true, ""Beer"": true, ""Coffee"": true, ""Hard liquor"": true, ""Healthy options"": true, ""Organic dishes"": true, ""Small plates"": true, ""Vegan options"": true, ""Vegetarian options"": true, ""Wine"": true}, ""Dining options"": {""Lunch"": true, ""Dinner"": true, ""Dessert"": true}, ""Amenities"": {""Restroom"": true}, ""Atmosphere"": {""Casual"": true, ""Cozy"": true}, ""Planning"": {""Reservations required"": true, ""Accepts reservations"": true}, ""Payments"": {""Credit cards"": true, ""Debit cards"": true, ""NFC mobile payments"": true}}"
ChIJR_f_fpaipBIRziiS9P7QZJA,Can Punyetes,http://www.canpunyetes.com/,"Catalonian restaurant, Mediterranean restaurant, Traditional restaurant",Restaurante de cocina catalana,Catalonian restaurant,41.398675,2.1597222,$,People typically spend 1.5-2.5 hours here,0x12a4a2967efff747:0x9064d0fef49228ce,ChIJR_f_fpaipBIRziiS9P7QZJA,"{""Service options"": {""Dine-in"": true, ""Delivery"": false}, ""Accessibility"": {""Wheelchair accessible entrance"": true, ""Wheelchair accessible seating"": true, ""Wheelchair accessible parking lot"": false}, ""Offerings"": {""Alcohol"": true, ""Beer"": true, ""Coffee"": true, ""Hard liquor"": true, ""Healthy options"": true, ""Small plates"": true, ""Wine"": true}, ""Dining options"": {""Lunch"": true, ""Dinner"": true, ""Dessert"": true}, ""Amenities"": {""Restroom"": true}, ""Atmosphere"": {""Casual"": true, ""Cozy"": true}, ""Crowd"": {""Groups"": true}, ""Planning"": {""Accepts reservations"": true}, ""Payments"": {""Credit cards"": true, ""Debit cards"": true, ""NFC mobile payments"": true}, ""Children"": {""Good for kids"": true}}"
ChIJK4sLW7yipBIR8B2-xnRP_qE,Cafè Salambó,https://www.cafesalambo.com/ca/,"Mediterranean restaurant, Bar, Breakfast restaurant, Espresso bar",restaurants,Mediterranean restaurant,41.404454699999995,2.1576836999999998,$$,People typically spend 1-2.5 hours here,0x12a4a2bc5b0b8b2b:0xa1fe4f74c6be1df0,ChIJK4sLW7yipBIR8B2-xnRP_qE,"{""Service options"": {""Outdoor seating"": true, ""Takeout"": true, ""Dine-in"": true, ""Delivery"": false}, ""Accessibility"": {""Wheelchair accessible entrance"": true, ""Wheelchair accessible restroom"": true, ""Wheelchair accessible seating"": true, ""Wheelchair accessible parking lot"": false}, ""Offerings"": {""Alcohol"": true, ""Beer"": true, ""Cocktails"": true, ""Coffee"": true, ""Hard liquor"": true, ""Healthy options"": true, ""Late-night food"": true, ""Small plates"": true, ""Wine"": true}, ""Dining options"": {""Breakfast"": true, ""Brunch"": true, ""Lunch"": true, ""Dinner"": true, ""Dessert"": true, ""Seating"": true}, ""Amenities"": {""Bar onsite"": true, ""Restroom"": true}, ""Atmosphere"": {""Casual"": true, ""Cozy"": true}, ""Crowd"": {""Groups"": true}, ""Planning"": {""Accepts reservations"": true}, ""Payments"": {""Credit cards"": true, ""Debit cards"": true, ""NFC mobile payments"": true}, ""Children"": {""High chairs"": true}, ""Pets"": {""Dogs allowed"": true, ""Dogs allowed inside"": true, ""Dogs allowed outside"": true}}"
ChIJ9ZPOuLyipBIRmikoMRf2N7s,Kibuka Verdi,http://www.kibuka.com/,"Japanese restaurant, Asian restaurant, Sushi restaurant",restaurants,Japanese restaurant,41.4048696,2.1558322,$$,People typically spend 1-2 hours here,0x12a4a2bcb8ce93f5:0xbb37f6173128299a,ChIJ9ZPOuLyipBIRmikoMRf2N7s,"{""Service options"": {""No-contact delivery"": true, ""Delivery"": true, ""Takeout"": true, ""Dine-in"": true}, ""Accessibility"": {""Wheelchair accessible entrance"": true, ""Wheelchair accessible parking lot"": false}, ""Offerings"": {""Alcohol"": true, ""Beer"": true, ""Cocktails"": true, ""Coffee"": true, ""Hard liquor"": true, ""Healthy options"": true, ""Salad bar"": true, ""Small plates"": true, ""Vegetarian options"": true, ""Wine"": true}, ""Dining options"": {""Lunch"": true, ""Dinner"": true, ""Dessert"": true}, ""Amenities"": {""Restroom"": true}, ""Atmosphere"": {""Casual"": true, ""Cozy"": true}, ""Crowd"": {""Groups"": true}, ""Planning"": {""Accepts reservations"": true}, ""Payments"": {""Credit cards"": true, ""Debit cards"": true, ""NFC mobile payments"": true}, ""Children"": {""Good for kids"": true}}"
ChIJ_UZbmqKipBIROsiCAsTX3sI,Il Fuoco Pizzería Gracia,https://www.ilfuocopizzeria.com/,"Pizza restaurant, Fast food restaurant, Italian restaurant, Delivery Restaurant, Pizza Takeout",restaurants,Pizza restaurant,41.401590399999996,2.1532761,$,People typically spend 30 min here,0x12a4a2a29a5b46fd:0xc2ded7c40282c83a,ChIJ_UZbmqKipBIROsiCAsTX3sI,"{""From the business"": {""Identifies as women-owned"": true}, ""Service options"": {""Curbside pickup"": true, ""No-contact delivery"": true, ""Delivery"": true, ""Takeout"": true, ""Dine-in"": true}, ""Accessibility"": {""Wheelchair accessible entrance"": true, ""Wheelchair accessible parking lot"": false, ""Wheelchair accessible seating"": false}, ""Offerings"": {""Alcohol"": true, ""Beer"": true, ""Coffee"": true, ""Salad bar"": true, ""Small plates"": true, ""Vegetarian options"": true, ""Wine"": true}, ""Dining options"": {""Lunch"": true, ""Dinner"": true, ""Dessert"": true, ""Seating"": true}, ""Amenities"": {""Bar onsite"": true, ""Restroom"": true, ""Wi-Fi"": true}, ""Atmosphere"": {""Casual"": true}, ""Crowd"": {""Groups"": true}, ""Planning"": {""Accepts reservations"": true}, ""Payments"": {""Credit cards"": true, ""Debit cards"": true, ""NFC mobile payments"": true}, ""Children"": {""Good for kids"": true, ""High chairs"": true}, ""Other"": {""Identifies as women-owned"": true}}"
ChIJl7hQSJSipBIRk7b0Z4WCgwE,La Pepita,http://www.lapepitabcn.com/,"Restaurant, Tapas restaurant",restaurants,Restaurant,41.3979631,2.1610472,₱₱,People typically spend 45 min to 2 hr here,0x12a4a2944850b897:0x183828567f4b693,ChIJl7hQSJSipBIRk7b0Z4WCgwE,"{""From the business"": {""Identifies as women-owned"": true}, ""Service options"": {""Outdoor seating"": true, ""Takeout"": true, ""Dine-in"": true, ""Delivery"": false}, ""Highlights"": {""Great cocktails"": true}, ""Accessibility"": {""Assistive hearing loop"": false, ""Wheelchair accessible entrance"": false, ""Wheelchair accessible parking lot"": false, ""Wheelchair accessible restroom"": false, ""Wheelchair accessible seating"": false}, ""Offerings"": {""Alcohol"": true, ""Beer"": true, ""Cocktails"": true, ""Coffee"": true, ""Hard liquor"": true, ""Healthy options"": true, ""Late-night food"": true, ""Salad bar"": true, ""Small plates"": true, ""Wine"": true}, ""Dining options"": {""Lunch"": true, ""Dinner"": true, ""Counter service"": true, ""Dessert"": true, ""Seating"": true}, ""Amenities"": {""Bar onsite"": true, ""Restroom"": true, ""Wi-Fi"": true}, ""Atmosphere"": {""Casual"": true, ""Cozy"": true, ""Trending"": true}, ""Crowd"": {""Family-friendly"": true, ""Groups"": true, ""LGBTQ+ friendly"": true, ""Transgender safespace"": true}, ""Planning"": {""Accepts reservations"": true}, ""Payments"": {""Credit cards"": true, ""Debit cards"": true}, ""Children"": {""High chairs"": true}, ""Parking"": {""Paid parking lot"": true}, ""Other"": {""LGBTQ+ friendly"": true, ""Identifies as women-owned"": true}}"
ChIJbaAWub2ipBIRuDrL--OVGCA,La Cerveseria,https://lacerveseria.com/,"Tapas bar, Cocktail bar, Hot dog restaurant, Lounge, Mediterranean restaurant, Pizza restaurant, Pub, Restaurant",restaurants,Tapas bar,41.4027647,2.1583052,$,People typically spend 1-2 hours here,0x12a4a2bdb916a06d:0x201895e3fbcb3ab8,ChIJbaAWub2ipBIRuDrL--OVGCA,"{""Service options"": {""Outdoor seating"": true, ""Delivery"": true, ""Takeout"": true, ""Dine-in"": true}, ""Highlights"": {""Sports"": true}, ""Accessibility"": {""Wheelchair accessible entrance"": true, ""Wheelchair accessible seating"": true, ""Wheelchair accessible parking lot"": false}, ""Offerings"": {""Alcohol"": true, ""Beer"": true, ""Cocktails"": true, ""Coffee"": true, ""Food"": true, ""Food at bar"": true, ""Hard liquor"": true, ""Late-night food"": true, ""Salad bar"": true, ""Small plates"": true, ""Wine"": true}, ""Dining options"": {""Breakfast"": true, ""Brunch"": true, ""Lunch"": true, ""Dinner"": true, ""Dessert"": true, ""Seating"": true}, ""Amenities"": {""Bar onsite"": true, ""Gender-neutral restroom"": true, ""Restroom"": true, ""Wi-Fi"": true}, ""Atmosphere"": {""Casual"": true, ""Cozy"": true}, ""Crowd"": {""Groups"": true}, ""Planning"": {""Accepts reservations"": true}, ""Payments"": {""Checks"": true, ""Credit cards"": true, ""Debit cards"": true, ""NFC mobile payments"": true}, ""Children"": {""Good for kids"": true, ""High chairs"": true}, ""Pets"": {""Dogs allowed"": true}}"
ChIJafyH-7yipBIRs3RpixIVwQE,La Trini,http://www.latrini30.com/,"Restaurant, Breakfast restaurant, Cocktail bar, Mediterranean restaurant, Tapas bar",restaurants,Restaurant,41.403915399999995,2.1569325999999998,$$,People typically spend 1-2 hours here,0x12a4a2bcfb87fc69:0x1c115128b6974b3,ChIJafyH-7yipBIRs3RpixIVwQE,"{""Service options"": {""Delivery"": true, ""Takeout"": true, ""Dine-in"": true}, ""Highlights"": {""Great cocktails"": true}, ""Accessibility"": {""Wheelchair accessible entrance"": false, ""Wheelchair accessible parking lot"": false, ""Wheelchair accessible seating"": false}, ""Offerings"": {""Alcohol"": true, ""Beer"": true, ""Cocktails"": true, ""Coffee"": true, ""Hard liquor"": true, ""Healthy options"": true, ""Late-night food"": true, ""Salad bar"": true, ""Small plates"": true, ""Wine"": true}, ""Dining options"": {""Breakfast"": true, ""Brunch"": true, ""Lunch"": true, ""Dinner"": true, ""Dessert"": true, ""Seating"": true}, ""Amenities"": {""Bar onsite"": true, ""Restroom"": true, ""Wi-Fi"": true}, ""Atmosphere"": {""Casual"": true, ""Cozy"": true}, ""Crowd"": {""Groups"": true}, ""Planning"": {""Accepts reservations"": true}, ""Payments"": {""Checks"": true, ""Credit cards"": true, ""Debit cards"": true, ""NFC mobile payments"": true}, ""Children"": {""High chairs"": true}}"
ChIJ10wuF72ipBIRh_KztS3VaB8,La Taberna Grega,http://www.latabernagriega.com/,"Greek restaurant, Mediterranean restaurant",restaurants,Greek restaurant,41.4028159,2.1563634,$$,,0x12a4a2bd172e4cd7:0x1f68d52db5b3f287,ChIJ10wuF72ipBIRh_KztS3VaB8,"{""Service options"": {""Curbside pickup"": true, ""No-contact delivery"": true, ""Delivery"": true, ""Takeout"": true, ""Dine-in"": true}, ""Accessibility"": {""Wheelchair accessible parking lot"": false}, ""Offerings"": {""Alcohol"": true, ""Beer"": true, ""Coffee"": true, ""Hard liquor"": true, ""Healthy options"": true, ""Salad bar"": true, ""Small plates"": true, ""Vegetarian options"": true, ""Wine"": true}, ""Dining options"": {""Lunch"": true, ""Dinner"": true, ""Catering"": true, ""Dessert"": true, ""Seating"": true}, ""Amenities"": {""Restroom"": true, ""Wi-Fi"": true}, ""Atmosphere"": {""Casual"": true, ""Cozy"": true, ""Romantic"": true}, ""Crowd"": {""Family-friendly"": true, ""Groups"": true, ""LGBTQ+ friendly"": true}, ""Planning"": {""Accepts reservations"": true}, ""Payments"": {""Credit cards"": true, ""Debit cards"": true, ""NFC mobile payments"": true}, ""Children"": {""Good for kids"": true}, ""Other"": {""LGBTQ+ friendly"": true}}"
ChIJg61kuZWipBIRSjgcqDBXVU8,Restaurant gut,http://www.restaurantgut.com/,"Gluten-free restaurant, Health food restaurant, Restaurant",restaurants,Gluten-free restaurant,41.399324,2.1612412,$$,People typically spend 1.5-2.5 hours here,0x12a4a295b964ad83:0x4f555730a81c384a,ChIJg61kuZWipBIRSjgcqDBXVU8,"{""From the business"": {""Identifies as women-owned"": true}, ""Service options"": {""Delivery"": true, ""Takeout"": true, ""Dine-in"": true}, ""Accessibility"": {""Wheelchair accessible parking lot"": false}, ""Offerings"": {""Alcohol"": true, ""Beer"": true, ""Cocktails"": true, ""Coffee"": true, ""Hard liquor"": true, ""Healthy options"": true, ""Organic dishes"": true, ""Small plates"": true, ""Vegan options"": true, ""Vegetarian options"": true, ""Wine"": true}, ""Dining options"": {""Lunch"": true, ""Dinner"": true, ""Catering"": true, ""Dessert"": true, ""Seating"": true}, ""Amenities"": {""Bar onsite"": true, ""Restroom"": true, ""Wi-Fi"": true}, ""Atmosphere"": {""Casual"": true, ""Cozy"": true, ""Romantic"": true}, ""Crowd"": {""Family-friendly"": true, ""LGBTQ+ friendly"": true}, ""Planning"": {""Reservations required"": true, ""Accepts reservations"": true}, ""Payments"": {""Credit cards"": true, ""Debit cards"": true, ""NFC mobile payments"": true}, ""Children"": {""Good for kids"": true, ""High chairs"": true}, ""Parking"": {""Paid parking lot"": true, ""Parking"": true}, ""Pets"": {""Dogs allowed"": true, ""Dogs allowed inside"": true}, ""Other"": {""LGBTQ+ friendly"": true, ""Identifies as women-owned"": true}}"
ChIJ0ZHktJeipBIR_u3wZzY3JpQ,Kibuka Goya,http://www.kibuka.com/,"Japanese restaurant, Sushi restaurant",restaurants,Japanese restaurant,41.39971,2.1572359999999997,$$,People typically spend 1-2 hours here,0x12a4a297b4e491d1:0x9426373667f0edfe,ChIJ0ZHktJeipBIR_u3wZzY3JpQ,"{""Service options"": {""Delivery"": true, ""Takeout"": true, ""Dine-in"": true}, ""Accessibility"": {""Wheelchair accessible parking lot"": false}, ""Offerings"": {""Alcohol"": true, ""Beer"": true, ""Coffee"": true, ""Hard liquor"": true, ""Healthy options"": true, ""Salad bar"": true, ""Small plates"": true, ""Vegetarian options"": true, ""Wine"": true}, ""Dining options"": {""Lunch"": true, ""Dinner"": true, ""Dessert"": true, ""Seating"": true}, ""Amenities"": {""Restroom"": true}, ""Atmosphere"": {""Casual"": true, ""Cozy"": true}, ""Crowd"": {""Groups"": true}, ""Planning"": {""Accepts reservations"": true}, ""Payments"": {""Credit cards"": true}, ""Children"": {""High chairs"": true}, ""Parking"": {""Parking"": true}}"
ChIJZ7pb0saipBIRcjyyeqEttNE,Restaurant El Rei del Bacallà,http://www.elreydelbacalao.com/,Portuguese restaurant,restaurants,Portuguese restaurant,41.406006999999995,2.1679444,₱₱,People typically spend 1.5-2.5 hours here,0x12a4a2c6d25bba67:0xd1b42da17ab23c72,ChIJZ7pb0saipBIRcjyyeqEttNE,"{""Service options"": {""Outdoor seating"": true, ""Takeout"": true, ""Dine-in"": true, ""Delivery"": false}, ""Accessibility"": {""Wheelchair accessible entrance"": true, ""Wheelchair accessible restroom"": true, ""Wheelchair accessible seating"": true}, ""Offerings"": {""Alcohol"": true, ""Beer"": true, ""Cocktails"": true, ""Coffee"": true, ""Hard liquor"": true, ""Healthy options"": true, ""Private dining room"": true, ""Salad bar"": true, ""Small plates"": true, ""Wine"": true}, ""Dining options"": {""Lunch"": true, ""Dinner"": true, ""Dessert"": true, ""Seating"": true}, ""Amenities"": {""Gender-neutral restroom"": true, ""Restroom"": true, ""Wi-Fi"": true}, ""Atmosphere"": {""Casual"": true, ""Cozy"": true}, ""Crowd"": {""Family-friendly"": true, ""Groups"": true}, ""Planning"": {""Accepts reservations"": true}, ""Payments"": {""Credit cards"": true, ""Debit cards"": true, ""NFC mobile payments"": true}, ""Children"": {""Good for kids"": true, ""Kids' menu"": true}}"
ChIJ2aYrZZaipBIR_mgvfyDkd34,Estel de Gràcia,https://esteldegracia.com/,"Restaurant, Breakfast restaurant, Cocktail bar, Mediterranean restaurant, Tapas bar, Tapas restaurant",restaurants,Restaurant,41.3977675,2.1607822999999997,₱₱,People typically spend 1-2.5 hours here,0x12a4a296652ba6d9:0x7e77e4207f2f68fe,ChIJ2aYrZZaipBIR_mgvfyDkd34,"{""From the business"": {""Identifies as women-owned"": true}, ""Service options"": {""Takeout"": true, ""Dine-in"": true}, ""Highlights"": {""Great cocktails"": true}, ""Accessibility"": {""Wheelchair accessible seating"": true, ""Wheelchair accessible parking lot"": false}, ""Offerings"": {""Alcohol"": true, ""Beer"": true, ""Cocktails"": true, ""Coffee"": true, ""Hard liquor"": true, ""Healthy options"": true, ""Late-night food"": true, ""Small plates"": true, ""Wine"": true}, ""Dining options"": {""Breakfast"": true, ""Brunch"": true, ""Lunch"": true, ""Dinner"": true, ""Catering"": true, ""Dessert"": true, ""Seating"": true}, ""Amenities"": {""Bar onsite"": true, ""Restroom"": true}, ""Atmosphere"": {""Casual"": true, ""Cozy"": true, ""Romantic"": true}, ""Crowd"": {""Groups"": true, ""LGBTQ+ friendly"": true, ""Transgender safespace"": true}, ""Planning"": {""Accepts reservations"": true}, ""Payments"": {""Credit cards"": true, ""Debit cards"": true, ""NFC mobile payments"": true}, ""Children"": {""High chairs"": true}, ""Parking"": {""Paid street parking"": true}, ""Other"": {""LGBTQ+ friendly"": true, ""Identifies as women-owned"": true}}"
ChIJU6lZ_LyipBIRV-wXifi4uuk,Las Muns,https://www.lasmuns.com/,"Restaurant, Argentinian restaurant, Delivery Restaurant, Nuevo Latino restaurant, Vegan restaurant, Vegetarian restaurant",restaurants,Restaurant,41.4037905,2.1568537,$,,0x12a4a2bcfc59a953:0xe9bab8f88917ec57,ChIJU6lZ_LyipBIRV-wXifi4uuk,"{""Service options"": {""Curbside pickup"": true, ""No-contact delivery"": true, ""Delivery"": true, ""Takeout"": true, ""Dine-in"": true}, ""Accessibility"": {""Wheelchair accessible entrance"": true, ""Wheelchair accessible parking lot"": false}, ""Offerings"": {""Coffee"": true, ""Happy hour food"": true, ""Healthy options"": true, ""Vegan options"": true, ""Vegetarian options"": true}, ""Dining options"": {""Lunch"": true, ""Dinner"": true, ""Dessert"": true, ""Seating"": true}, ""Amenities"": {""Bar onsite"": true, ""Wi-Fi"": true}, ""Atmosphere"": {""Casual"": true, ""Cozy"": true}, ""Crowd"": {""Family-friendly"": true, ""LGBTQ+ friendly"": true, ""Transgender safespace"": true}, ""Payments"": {""Credit cards"": true, ""Debit cards"": true, ""NFC mobile payments"": true}, ""Children"": {""Good for kids"": true, ""Kids' menu"": true}, ""Other"": {""LGBTQ+ friendly"": true}}"
ChIJN6zbWr-ipBIRUYjqWUSN_CI,Bar Bodega Can Ros,http://barbodegacanros.es/,"Tapas restaurant, Mediterranean restaurant, Tapas bar",restaurants,Tapas restaurant,41.4050084,2.1642284,$,,0x12a4a2bf5adbac37:0x22fc8d4459ea8851,ChIJN6zbWr-ipBIRUYjqWUSN_CI,"{""Service options"": {""Outdoor seating"": true, ""Takeout"": true, ""Dine-in"": true, ""Delivery"": false}, ""Accessibility"": {""Wheelchair accessible entrance"": false, ""Wheelchair accessible parking lot"": false}, ""Offerings"": {""Alcohol"": true, ""Beer"": true, ""Coffee"": true, ""Hard liquor"": true, ""Healthy options"": true, ""Small plates"": true, ""Wine"": true}, ""Dining options"": {""Breakfast"": true, ""Brunch"": true, ""Lunch"": true, ""Dinner"": true, ""Dessert"": true, ""Seating"": true}, ""Amenities"": {""Bar onsite"": true, ""Gender-neutral restroom"": true, ""Restroom"": true}, ""Atmosphere"": {""Casual"": true, ""Cozy"": true}, ""Crowd"": {""Family-friendly"": true, ""Groups"": true}, ""Planning"": {""Accepts reservations"": false}, ""Payments"": {""Credit cards"": true, ""Debit cards"": true, ""NFC mobile payments"": true}, ""Children"": {""Good for kids"": true}}"
ChIJB2tYY5-ipBIRjr_MTMgDHcg,Crêperie Bretonne,,"Creperie, French restaurant",restaurants,Creperie,41.4009213,2.1481809,$,,0x12a4a29f63586b07:0xc81d03c84cccbf8e,ChIJB2tYY5-ipBIRjr_MTMgDHcg,"{""Service options"": {""Delivery"": true, ""In-store shopping"": true, ""Takeout"": true, ""Dine-in"": true}, ""Accessibility"": {""Wheelchair accessible entrance"": false, ""Wheelchair accessible parking lot"": false}, ""Offerings"": {""Alcohol"": true, ""Beer"": true, ""Coffee"": true, ""Hard liquor"": true, ""Wine"": true}, ""Dining options"": {""Lunch"": true, ""Dinner"": true, ""Dessert"": true}, ""Amenities"": {""Restroom"": true}, ""Atmosphere"": {""Casual"": true, ""Cozy"": true}, ""Planning"": {""Accepts reservations"": true}, ""Payments"": {""Credit cards"": true, ""Debit cards"": true, ""NFC mobile payments"": true}, ""Children"": {""Good for kids"": true}}"
ChIJ-aOyOJiipBIRagVCipaXrMw,La Pubilla,,"Catalonian restaurant, Restaurant, Tapas restaurant",Restaurant de cuina catalana,Catalonian restaurant,41.3995399,2.1536577,$$,People typically spend 1-2 hours here,0x12a4a29838b2a3f9:0xccac97968a42056a,ChIJ-aOyOJiipBIRagVCipaXrMw,"{""Service options"": {""Dine-in"": true, ""Delivery"": false}, ""Accessibility"": {""Wheelchair accessible entrance"": true, ""Wheelchair accessible seating"": true, ""Wheelchair accessible parking lot"": false}, ""Offerings"": {""Alcohol"": true, ""Beer"": true, ""Coffee"": true, ""Hard liquor"": true, ""Healthy options"": true, ""Small plates"": true, ""Wine"": true}, ""Dining options"": {""Breakfast"": true, ""Brunch"": true, ""Lunch"": true, ""Dinner"": true, ""Dessert"": true, ""Seating"": true}, ""Amenities"": {""Bar onsite"": true, ""Restroom"": true}, ""Atmosphere"": {""Casual"": true, ""Cozy"": true}, ""Planning"": {""Reservations required"": true, ""Accepts reservations"": true}, ""Payments"": {""Credit cards"": true, ""Debit cards"": true, ""NFC mobile payments"": true}, ""Children"": {""High chairs"": true}}"
ChIJG4sASsGipBIR1RvM46dwNA4,Domino's Pizza,https://www.dominospizza.es/?utm_medium=organic,"Pizza delivery, American restaurant, Pizza restaurant, Pizza takeaway, Restaurant",Pizza a domicili,Pizza delivery,41.405646499999996,2.1684239,₱,,0x12a4a2c14a008b1b:0xe3470a7e3cc1bd5,ChIJG4sASsGipBIR1RvM46dwNA4,"{""Service options"": {""Curbside pickup"": true, ""No-contact delivery"": true, ""Delivery"": true, ""Takeout"": true, ""Dine-in"": true}, ""Accessibility"": {""Wheelchair accessible entrance"": true}, ""Payments"": {""Debit cards"": true, ""NFC mobile payments"": true}}"
ChIJq7_JtZWipBIR19ZQcz-5RV0,TOYO,,"Japanese restaurant, Authentic Japanese restaurant, Sushi restaurant",restaurants,Japanese restaurant,41.3987334,2.1611911999999998,₱,People typically spend 45 min to 1.5 hr here,0x12a4a295b5c9bfab:0x5d45b93f7350d6d7,ChIJq7_JtZWipBIR19ZQcz-5RV0,"{""From the business"": {""Identifies as women-owned"": true}, ""Service options"": {""Takeout"": true, ""Dine-in"": true}, ""Accessibility"": {""Wheelchair accessible entrance"": true, ""Wheelchair accessible restroom"": true, ""Wheelchair accessible parking lot"": false}, ""Offerings"": {""Alcohol"": true, ""Beer"": true, ""Coffee"": true, ""Hard liquor"": true, ""Healthy options"": true, ""Small plates"": true, ""Wine"": true}, ""Dining options"": {""Lunch"": true, ""Dinner"": true, ""Dessert"": true, ""Seating"": true}, ""Amenities"": {""Restroom"": true, ""Wi-Fi"": true}, ""Atmosphere"": {""Casual"": true, ""Cozy"": true}, ""Crowd"": {""Family-friendly"": true, ""Groups"": true, ""LGBTQ+ friendly"": true, ""Transgender safespace"": true}, ""Payments"": {""Credit cards"": true, ""Debit cards"": true, ""NFC mobile payments"": true}, ""Children"": {""Good for kids"": true}, ""Parking"": {""Paid parking garage"": true, ""Paid parking lot"": true}, ""Other"": {""LGBTQ+ friendly"": true, ""Identifies as women-owned"": true}}"
ChIJJ6z4-ZiipBIRW5SyTDlQ3vo,Monster Sushi,https://monstersushi.es/es/galla-placidia/?utm_source=GMB,"Sushi restaurant, Authentic Japanese restaurant, Japanese restaurant, Japanese sweets restaurant, Japanized western restaurant, Kyoto style Japanese restaurant, Restaurant, Sushi takeaway",Restaurant de sushi,Sushi restaurant,41.3994807,2.1519907,₱₱₱,,0x12a4a298f9f8ac27:0xfade50394cb2945b,ChIJJ6z4-ZiipBIRW5SyTDlQ3vo,"{""Service options"": {""Outdoor seating"": true, ""No-contact delivery"": true, ""Delivery"": true, ""Takeout"": true, ""Dine-in"": true}, ""Highlights"": {""Fast service"": true}, ""Accessibility"": {""Wheelchair accessible entrance"": false, ""Wheelchair accessible parking lot"": false, ""Wheelchair accessible seating"": false}, ""Offerings"": {""Alcohol"": true, ""Beer"": true, ""Cocktails"": true, ""Coffee"": true, ""Hard liquor"": true, ""Healthy options"": true, ""Organic dishes"": true, ""Quick bite"": true, ""Salad bar"": true, ""Small plates"": true, ""Wine"": true}, ""Dining options"": {""Lunch"": true, ""Dinner"": true, ""Dessert"": true, ""Seating"": true}, ""Amenities"": {""Restroom"": true, ""Wi-Fi"": true}, ""Atmosphere"": {""Casual"": true, ""Cozy"": true}, ""Crowd"": {""Family-friendly"": true}, ""Planning"": {""Accepts reservations"": true}, ""Payments"": {""Credit cards"": true, ""Debit cards"": true, ""NFC mobile payments"": true}, ""Parking"": {""Free street parking"": true, ""Paid parking garage"": true, ""Paid parking lot"": true, ""Paid street parking"": true}}"
ChIJlW28rKWipBIRZcmj_Rlcjbs,Restaurant Cafeteria l'Àncora,,Restaurant,restaurants,Restaurant,41.4087251,2.1519691,$,,0x12a4a2a5acbc6d95:0xbb8d5c19fda3c965,ChIJlW28rKWipBIRZcmj_Rlcjbs,"{""Service options"": {""Takeout"": true, ""Dine-in"": true, ""Delivery"": false}, ""Accessibility"": {""Wheelchair accessible parking lot"": false}, ""Offerings"": {""Alcohol"": true, ""Beer"": true, ""Coffee"": true, ""Hard liquor"": true, ""Healthy options"": true, ""Small plates"": true, ""Wine"": true}, ""Dining options"": {""Breakfast"": true, ""Brunch"": true, ""Lunch"": true, ""Dinner"": true, ""Dessert"": true}, ""Amenities"": {""Bar onsite"": true, ""Restroom"": true}, ""Atmosphere"": {""Casual"": true, ""Cozy"": true}, ""Crowd"": {""Groups"": true}, ""Planning"": {""Accepts reservations"": true}, ""Payments"": {""Credit cards"": true, ""Debit cards"": true, ""NFC mobile payments"": true}, ""Children"": {""Good for kids"": true}}"
ChIJ6ZQgw_SjpBIRtbRMETO1Qv8,Indian Herbs,http://indianherbs.es/,Indian restaurant,restaurants,Indian restaurant,41.400723,2.164615,$$,People typically spend 1-1.5 hours here,0x12a4a3f4c32094e9:0xff42b533114cb4b5,ChIJ6ZQgw_SjpBIRtbRMETO1Qv8,"{""Service options"": {""Outdoor seating"": true, ""No-contact delivery"": true, ""Delivery"": true, ""Takeout"": true, ""Dine-in"": true}, ""Accessibility"": {""Wheelchair accessible seating"": true, ""Wheelchair accessible parking lot"": false}, ""Offerings"": {""Alcohol"": true, ""Beer"": true, ""Coffee"": true, ""Halal food"": true, ""Hard liquor"": true, ""Healthy options"": true, ""Organic dishes"": true, ""Salad bar"": true, ""Small plates"": true, ""Vegan options"": true, ""Vegetarian options"": true, ""Wine"": true}, ""Dining options"": {""Lunch"": true, ""Dinner"": true, ""Catering"": true, ""Dessert"": true, ""Seating"": true}, ""Amenities"": {""Bar onsite"": true, ""Gender-neutral restroom"": true, ""Restroom"": true, ""Wi-Fi"": true}, ""Atmosphere"": {""Casual"": true, ""Cozy"": true}, ""Crowd"": {""Family-friendly"": true, ""Groups"": true, ""LGBTQ+ friendly"": true, ""Transgender safespace"": true}, ""Planning"": {""Accepts reservations"": true}, ""Payments"": {""Credit cards"": true, ""Debit cards"": true, ""NFC mobile payments"": true}, ""Children"": {""Good for kids"": true}, ""Other"": {""LGBTQ+ friendly"": true}}"
ChIJq2Xe4ruipBIRKnUZMSdXSSk,Lluritu,http://www.lluritu.com/,"Seafood restaurant, Mediterranean restaurant, Restaurant",restaurants,Seafood restaurant,41.4067337,2.1596221,₱₱,People typically spend 1-2 hours here,0x12a4a2bbe2de65ab:0x294957273119752a,ChIJq2Xe4ruipBIRKnUZMSdXSSk,"{""Service options"": {""Takeout"": true, ""Dine-in"": true, ""Delivery"": false}, ""Accessibility"": {""Wheelchair accessible entrance"": true, ""Wheelchair accessible parking lot"": false}, ""Offerings"": {""Alcohol"": true, ""Beer"": true, ""Coffee"": true, ""Hard liquor"": true, ""Healthy options"": true, ""Small plates"": true, ""Wine"": true}, ""Dining options"": {""Lunch"": true, ""Dinner"": true, ""Dessert"": true}, ""Amenities"": {""Bar onsite"": true, ""Restroom"": true, ""Wi-Fi"": true}, ""Atmosphere"": {""Casual"": true, ""Cozy"": true}, ""Planning"": {""Accepts reservations"": true}, ""Payments"": {""Credit cards"": true, ""Debit cards"": true}}"
ChIJGbGJr6KipBIRBEFM2EFui_E,Piras braseria,http://www.pirasbraseria.es/,"Grill, Barbecue restaurant, Catalonian restaurant, Family restaurant, Health food restaurant, Italian restaurant, Mediterranean restaurant, Restaurant, Brasserie",restaurants,Grill,41.4016751,2.1543210999999998,$$,People typically spend 1.5-2.5 hours here,0x12a4a2a2af89b119:0xf18b6e41d84c4104,ChIJGbGJr6KipBIRBEFM2EFui_E,"{""Service options"": {""Curbside pickup"": true, ""No-contact delivery"": true, ""Delivery"": true, ""Takeout"": true, ""Dine-in"": true}, ""Accessibility"": {""Wheelchair accessible entrance"": true, ""Wheelchair accessible parking lot"": true, ""Wheelchair accessible restroom"": true, ""Wheelchair accessible seating"": true}, ""Offerings"": {""Alcohol"": true, ""Beer"": true, ""Cocktails"": true, ""Coffee"": true, ""Hard liquor"": true, ""Healthy options"": true, ""Organic dishes"": true, ""Salad bar"": true, ""Small plates"": true, ""Wine"": true}, ""Dining options"": {""Breakfast"": true, ""Brunch"": true, ""Lunch"": true, ""Dinner"": true, ""Catering"": true, ""Counter service"": true, ""Dessert"": true, ""Seating"": true}, ""Amenities"": {""Bar onsite"": true, ""Restroom"": true, ""Wi-Fi"": true}, ""Atmosphere"": {""Casual"": true, ""Cozy"": true}, ""Crowd"": {""Family-friendly"": true, ""Groups"": true, ""LGBTQ+ friendly"": true, ""Transgender safespace"": true}, ""Planning"": {""Accepts reservations"": true}, ""Payments"": {""Credit cards"": true, ""Debit cards"": true, ""NFC mobile payments"": true}, ""Children"": {""Good for kids"": true, ""High chairs"": true, ""Kids' menu"": true}, ""Other"": {""LGBTQ+ friendly"": true}}"
ChIJu0J4lr6ipBIRevA8AWU8Mb4,Veg World India,http://www.vegworld.es/,"Vegetarian restaurant, Indian restaurant, Restaurant",restaurants,Vegetarian restaurant,41.404609699999995,2.1607355,₱,People typically spend 1-2 hours here,0x12a4a2be967842bb:0xbe313c65013cf07a,ChIJu0J4lr6ipBIRevA8AWU8Mb4,"{""Service options"": {""Delivery"": true, ""Takeout"": true, ""Dine-in"": true}, ""Accessibility"": {""Wheelchair accessible entrance"": true, ""Wheelchair accessible restroom"": true, ""Wheelchair accessible seating"": true, ""Wheelchair accessible parking lot"": false}, ""Offerings"": {""Alcohol"": true, ""Beer"": true, ""Coffee"": true, ""Halal food"": true, ""Healthy options"": true, ""Salad bar"": true, ""Small plates"": true, ""Vegan options"": true, ""Vegetarian options"": true, ""Wine"": true}, ""Dining options"": {""Lunch"": true, ""Dinner"": true, ""Dessert"": true}, ""Amenities"": {""Restroom"": true, ""Wi-Fi"": true}, ""Atmosphere"": {""Casual"": true, ""Cozy"": true}, ""Crowd"": {""Family-friendly"": true, ""Groups"": true, ""LGBTQ+ friendly"": true, ""Transgender safespace"": true}, ""Planning"": {""Accepts reservations"": true}, ""Payments"": {""Credit cards"": true, ""Debit cards"": true, ""NFC mobile payments"": true}, ""Children"": {""Good for kids"": true}, ""Parking"": {""Parking"": true}, ""Other"": {""LGBTQ+ friendly"": true}}"
ChIJf1rY_7uipBIRra0zr1VwUwg,Mantura Tapes i Vins,http://www.mantura.cat/,"Restaurant, Asian restaurant, Chinese restaurant, Thai restaurant",restaurants,Restaurant,41.4060869,2.1597127,,,0x12a4a2bbffd85a7f:0x8537055af33adad,ChIJf1rY_7uipBIRra0zr1VwUwg,"{""Service options"": {""Curbside pickup"": true, ""No-contact delivery"": true, ""Takeout"": true, ""Dine-in"": true, ""Delivery"": false}, ""Accessibility"": {""Wheelchair accessible parking lot"": false}, ""Offerings"": {""Alcohol"": true, ""Beer"": true, ""Coffee"": true, ""Halal food"": true, ""Hard liquor"": true, ""Healthy options"": true, ""Small plates"": true, ""Wine"": true}, ""Dining options"": {""Lunch"": true, ""Dinner"": true, ""Dessert"": true}, ""Amenities"": {""Bar onsite"": true, ""Restroom"": true}, ""Atmosphere"": {""Casual"": true, ""Cozy"": true}, ""Planning"": {""Accepts reservations"": true}, ""Payments"": {""Credit cards"": true, ""Debit cards"": true, ""NFC mobile payments"": true}}"
ChIJo7GdjaKipBIR8Y-W_-O_Ykg,El Picoteo,https://restaurante-el-picoteo.eatbu.com/?lang=es,"Bar & grill, Breakfast restaurant",restaurants,Bar & grill,41.4023323,2.152935,₱,People typically spend 30 min to 1.5 hr here,0x12a4a2a28d9db1a3:0x4862bfe3ff968ff1,ChIJo7GdjaKipBIR8Y-W_-O_Ykg,"{""Service options"": {""Takeout"": true, ""Dine-in"": true, ""Delivery"": false}, ""Highlights"": {""Sports"": true}, ""Accessibility"": {""Wheelchair accessible parking lot"": false}, ""Offerings"": {""Alcohol"": true, ""Beer"": true, ""Cocktails"": true, ""Coffee"": true, ""Food"": true, ""Food at bar"": true, ""Hard liquor"": true, ""Late-night food"": true, ""Organic dishes"": true, ""Salad bar"": true, ""Small plates"": true, ""Wine"": true}, ""Dining options"": {""Breakfast"": true, ""Brunch"": true, ""Lunch"": true, ""Dinner"": true, ""Dessert"": true, ""Seating"": true}, ""Amenities"": {""Bar onsite"": true, ""Restroom"": true}, ""Atmosphere"": {""Casual"": true, ""Cozy"": true}, ""Crowd"": {""Groups"": true}, ""Planning"": {""Accepts reservations"": true}, ""Payments"": {""Credit cards"": true, ""Debit cards"": true}, ""Children"": {""Good for kids"": true, ""High chairs"": true, ""Kids' menu"": true}}"
ChIJqQmtTryipBIRe3u-XKQxkmw,La Besnéta,http://www.labesneta.com/,"Cake shop, Vegan restaurant",Pastelería,Cake shop,41.4038919,2.1582651,$$,People typically spend 15 min here,0x12a4a2bc4ead09a9:0x6c9231a45cbe7b7b,ChIJqQmtTryipBIRe3u-XKQxkmw,"{""Service options"": {""Delivery"": true, ""In-store pickup"": true, ""Takeout"": true, ""Dine-in"": true, ""Same-day delivery"": true}, ""Accessibility"": {""Wheelchair accessible seating"": true, ""Wheelchair accessible parking lot"": false, ""Wheelchair accessible restroom"": false}, ""Dining options"": {""Breakfast"": true}, ""Payments"": {""Credit cards"": true, ""Debit cards"": true, ""NFC mobile payments"": true}}"
ChIJF0W9xr2ipBIRhVcuJm56V1U,Granja & Chocolateria La Nena,,"Chocolate cafe, Bar, Bar & grill, Breakfast restaurant, Coffee shop, Creperie, Dessert shop, Farm, Vegetarian restaurant",Xocolateria,Chocolate cafe,41.402648899999996,2.1587999,,,0x12a4a2bdc6bd4517:0x55577a6e262e5785,ChIJF0W9xr2ipBIRhVcuJm56V1U,"{""Service options"": {""Takeout"": true, ""Dine-in"": true, ""Delivery"": false}, ""Accessibility"": {""Wheelchair accessible entrance"": true, ""Wheelchair accessible parking lot"": false}}"
ChIJa0Y5HZiipBIROWRrQ0RCjVA,Botafumeiro,http://www.botafumeiro.es/,"Seafood restaurant, Galician restaurant, Spanish restaurant",restaurants,Seafood restaurant,41.4004237,2.1546385999999997,₱₱₱₱,People typically spend 1.5-3 hours here,0x12a4a2981d39466b:0x508d4244436b6439,ChIJa0Y5HZiipBIROWRrQ0RCjVA,"{""Service options"": {""Curbside pickup"": true, ""No-contact delivery"": true, ""Delivery"": true, ""Takeout"": true, ""Dine-in"": true}, ""Highlights"": {""Great cocktails"": true}, ""Accessibility"": {""Wheelchair accessible entrance"": true, ""Wheelchair accessible parking lot"": true, ""Wheelchair accessible restroom"": true, ""Wheelchair accessible seating"": true}, ""Offerings"": {""Alcohol"": true, ""Beer"": true, ""Cocktails"": true, ""Coffee"": true, ""Halal food"": true, ""Happy hour drinks"": true, ""Hard liquor"": true, ""Healthy options"": true, ""Late-night food"": true, ""Organic dishes"": true, ""Private dining room"": true, ""Salad bar"": true, ""Small plates"": true, ""Vegetarian options"": true, ""Wine"": true}, ""Dining options"": {""Brunch"": true, ""Lunch"": true, ""Dinner"": true, ""Catering"": true, ""Counter service"": true, ""Dessert"": true, ""Seating"": true}, ""Amenities"": {""Bar onsite"": true, ""Restroom"": true, ""Wi-Fi"": true}, ""Atmosphere"": {""Cozy"": true, ""Romantic"": true, ""Upscale"": true}, ""Crowd"": {""Family-friendly"": true, ""Groups"": true, ""LGBTQ+ friendly"": true, ""Transgender safespace"": true}, ""Planning"": {""Reservations required"": true, ""Accepts reservations"": true}, ""Payments"": {""Credit cards"": true, ""Debit cards"": true, ""NFC mobile payments"": true}, ""Children"": {""Good for kids"": true, ""High chairs"": true}, ""Parking"": {""Free parking lot"": true, ""Parking"": true, ""Valet parking"": true}, ""Other"": {""LGBTQ+ friendly"": true}}"
ChIJDS6i0L2ipBIR-QaPDNKvIXE,Rostisseria el Pato Donald,https://www.facebook.com/Pato-Donald-205397191634/,Takeout Restaurant,restaurants,Takeout Restaurant,41.402935,2.1593839999999997,$,,0x12a4a2bdd0a22e0d:0x7121afd20c8f06f9,ChIJDS6i0L2ipBIR-QaPDNKvIXE,"{""Service options"": {""Takeout"": true, ""Delivery"": false, ""Dine-in"": false}, ""Accessibility"": {""Wheelchair accessible parking lot"": false, ""Wheelchair accessible seating"": false}, ""Offerings"": {""Healthy options"": true}, ""Amenities"": {""Restroom"": false}, ""Atmosphere"": {""Casual"": true}, ""Payments"": {""Credit cards"": true, ""Debit cards"": true}}"
ChIJceRM3aKipBIRDAMlHKDA9zM,Can Tresó,https://cantreso.com/,"Restaurant, Mediterranean restaurant",restaurants,Restaurant,41.402919399999995,2.1537167,$$,,0x12a4a2a2dd4ce471:0x33f7c0a01c25030c,ChIJceRM3aKipBIRDAMlHKDA9zM,"{""Service options"": {""Takeout"": true, ""Dine-in"": true, ""Delivery"": false}, ""Accessibility"": {""Wheelchair accessible seating"": true, ""Wheelchair accessible parking lot"": false}, ""Offerings"": {""Alcohol"": true, ""Beer"": true, ""Coffee"": true, ""Hard liquor"": true, ""Healthy options"": true, ""Small plates"": true, ""Wine"": true}, ""Dining options"": {""Breakfast"": true, ""Brunch"": true, ""Lunch"": true, ""Dinner"": true, ""Dessert"": true}, ""Amenities"": {""Bar onsite"": true, ""Restroom"": true}, ""Atmosphere"": {""Casual"": true, ""Cozy"": true}, ""Crowd"": {""Groups"": true}, ""Planning"": {""Accepts reservations"": true}, ""Payments"": {""Credit cards"": true, ""Debit cards"": true, ""NFC mobile payments"": true}}"
